City_ID,City,Lat,Lng,Max Temp,Humidity,Cloudiness,Wind Speed,Country,Date
0,vilyuchinsk,52.9306,158.4028,294.3,67,32,1.58,RU,1691299262
1,qui nhon,13.7667,109.2333,307.48,49,70,6.46,VN,1691299262
2,punta arenas,-53.15,-70.9167,270.94,70,43,12.46,CL,1691299263
3,hangu,39.2489,117.7892,302.17,50,24,1.84,CN,1691299265
4,hihifo,39.2489,117.7892,302.17,50,24,1.84,CN,1691299265
5,wailua homesteads,22.0669,-159.378,299.59,79,40,6.17,US,1691299266
6,port-aux-francais,-49.35,70.2167,276.1,76,81,11.81,TF,1691299266
7,damilag,8.3547,124.8122,302.26,58,11,3.01,PH,1691299268
8,waitangi,-43.9535,-176.5597,281.38,84,78,0.89,NZ,1691299269
9,jumla,29.2747,82.1838,295.2,77,99,2.37,NP,1691299001
10,enewetak,11.3474,162.3373,302.03,76,77,5.68,MH,1691299270
11,grytviken,-54.2811,-36.5092,266.04,82,100,4.41,GS,1691299270
12,anadyr,64.75,177.4833,284.43,81,20,9.0,RU,1691299270
13,shache,38.4167,77.2406,306.5,21,92,6.73,CN,1691299271
14,touros,-5.1989,-35.4608,298.2,76,11,6.67,BR,1691299271
15,vila velha,-20.3297,-40.2925,292.56,93,0,0.0,BR,1691299271
16,ushuaia,-54.8,-68.3,270.96,93,100,8.75,AR,1691299023
17,caleta de carquin,-11.0925,-77.6267,291.82,81,82,4.02,PE,1691299271
18,edinburgh of the seven seas,-37.0676,-12.3116,285.64,78,100,21.08,SH,1691299272
19,east london,-33.0153,27.9116,292.67,32,0,4.63,ZA,1691299272
20,fredericton,45.9454,-66.6656,286.72,93,20,1.54,CA,1691299272
21,utrik,11.2278,169.8474,301.65,75,55,6.94,MH,1691299273
22,merizo village,13.2658,144.6691,304.46,80,46,1.42,GU,1691299273
23,olonkinbyen,70.9221,-8.7187,276.64,97,100,10.31,SJ,1691299273
24,bilibino,68.0546,166.4372,278.83,83,100,2.86,RU,1691299273
25,puerto natales,-51.7236,-72.4875,271.87,77,100,7.82,CL,1691299274
26,invercargill,-46.4,168.35,283.16,84,89,4.02,NZ,1691299274
27,papatowai,-46.5619,169.4708,282.07,87,99,3.64,NZ,1691299274
28,suyan,6.0603,125.3853,306.48,64,65,3.14,PH,1691299274
29,bredasdorp,-34.5322,20.0403,281.72,93,26,2.8,ZA,1691299274
30,west island,-12.1568,96.8225,300.14,83,75,5.66,CC,1691299275
31,puerto baquerizo moreno,-0.9,-89.6,297.37,75,86,5.75,EC,1691298983
32,kharkhorin,47.1975,102.8238,294.57,50,40,3.07,MN,1691299275
33,vorgashor,67.5833,63.95,299.46,47,2,4.48,RU,1691299275
34,vadso,70.0744,29.7487,286.64,76,100,1.54,NO,1691299276
35,adamstown,-25.066,-130.1015,294.22,78,72,9.77,PN,1691299276
36,barrancabermeja,7.0653,-73.8547,298.26,84,97,0.29,CO,1691299026
37,puerto quijarro,-17.7833,-57.7667,296.05,40,1,0.93,BO,1691299276
38,guaruja,-23.9931,-46.2564,292.53,26,16,1.52,BR,1691299277
39,antsiranana,-12.2787,49.2917,297.01,71,71,8.26,MG,1691299277
40,wenling,28.3669,121.36,304.96,69,13,2.45,CN,1691299151
41,fale old settlement,-9.3852,-171.2468,301.69,76,11,4.28,TK,1691299277
42,port saint john's,-31.6229,29.5448,290.09,38,0,3.28,ZA,1691299277
43,albany,42.6001,-73.9662,290.04,83,86,1.92,US,1691299267
44,alice springs,-23.7,133.8833,294.9,35,0,5.14,AU,1691299278
45,presidente medici,-11.1753,-61.9014,297.46,46,1,1.76,BR,1691299278
46,sao vicente,-23.9631,-46.3919,293.3,26,11,1.44,BR,1691299278
47,padre bernardo,-15.35,-48.5,292.44,38,81,1.33,BR,1691299278
48,ilulissat,69.2167,-51.1,277.16,81,9,0.0,GL,1691299279
49,el calafate,-50.3408,-72.2768,276.13,93,47,3.62,AR,1691299279
50,rabaul,-4.1967,152.1721,300.88,73,96,8.49,PG,1691299279
51,meulaboh,4.1363,96.1285,301.93,74,97,1.15,ID,1691299279
52,blackmans bay,-43.0167,147.3167,286.77,69,96,0.95,AU,1691299280
53,pisco,-13.7,-76.2167,289.83,77,4,2.06,PE,1691299280
54,paranaiba,-19.6772,-51.1908,293.54,32,0,0.98,BR,1691299280
55,tabas,33.5959,56.9244,308.1,17,0,0.13,IR,1691299280
56,galliano,29.4422,-90.2992,302.15,79,75,1.54,US,1691299280
57,aasiaat,68.7098,-52.8699,273.42,84,9,2.87,GL,1691299281
58,taltal,-25.4,-70.4833,287.41,83,39,0.41,CL,1691299054
59,vorozhba,51.1733,34.2192,296.71,63,32,4.74,UA,1691299281
60,sinabang,2.4803,96.3801,303.14,68,57,1.46,ID,1691299281
61,lata,40.1629,-8.3327,288.19,51,0,1.37,PT,1691299281
62,kodiak,57.79,-152.4072,284.88,94,100,4.63,US,1691299209
63,puerto deseado,-47.7503,-65.8938,279.7,48,2,9.68,AR,1691299282
64,mutoko,-17.397,32.2268,283.54,85,42,1.37,ZW,1691299282
65,atafu village,-8.5421,-172.5159,301.57,75,25,3.23,TK,1691299282
66,tromso,69.6496,18.957,286.69,66,75,3.6,NO,1691299283
67,college,64.8569,-147.8028,300.14,46,40,1.54,US,1691299283
68,revda,56.801,59.9303,293.48,82,98,2.25,RU,1691299283
69,bamboo flat,11.7,92.7167,303.2,74,40,6.17,IN,1691299283
70,port elizabeth,-33.918,25.5701,288.31,94,0,5.66,ZA,1691299232
71,puerto ayora,-0.7393,-90.3518,297.34,91,76,2.68,EC,1691299284
72,st. john's,47.5649,-52.7093,288.59,87,75,3.09,CA,1691299283
73,adamus,46.3,24.2333,294.13,73,18,0.55,RO,1691299284
74,noumea,-22.2763,166.4572,295.14,75,54,7.32,NC,1691299284
75,keflavik,64.0049,-22.5624,284.39,93,75,3.09,IS,1691299284
76,hamilton,39.1834,-84.5333,298.95,81,100,1.54,US,1691298869
77,devinuwara,39.1834,-84.5333,298.95,81,100,1.54,US,1691298869
78,metlili chaamba,32.2667,3.6333,295.67,28,0,0.0,DZ,1691299285
79,klyuchi,52.2667,79.1667,292.52,84,100,3.0,RU,1691299193
80,avarua,-21.2078,-159.775,293.18,100,100,0.51,CK,1691299285
81,verkhnevilyuysk,63.4453,120.3167,298.09,36,54,3.48,RU,1691299286
82,hadibu,12.65,54.0333,299.77,75,36,13.34,YE,1691299286
83,nagqu,31.5,92.0,286.76,51,41,4.18,CN,1691299286
84,ixtapa,20.7,-105.2,301.05,89,75,0.0,MX,1691299286
85,tazovsky,67.4667,78.7,292.53,52,0,2.21,RU,1691299287
86,castlegar,49.2998,-117.6689,295.53,84,100,0.91,CA,1691299287
87,georgetown,5.4112,100.3354,305.11,73,40,4.63,MY,1691299241
88,bethel,41.3712,-73.414,295.09,82,0,1.54,US,1691299289
89,hithadhoo,-0.6,73.0833,301.83,69,100,3.57,MV,1691299280
90,whitehorse,60.7161,-135.0538,295.58,40,75,5.14,CA,1691299289
91,bardai,11.65,7.2333,294.92,92,100,3.62,NG,1691299289
92,sandnessjoen,66.0217,12.6316,280.44,70,21,2.38,NO,1691299290
93,stanley,54.868,-1.6985,282.7,92,20,2.06,GB,1691298991
94,vernon,50.2581,-119.2691,298.01,38,86,2.57,CA,1691299211
95,sorgun,39.8101,35.186,297.27,45,0,1.61,TR,1691299290
96,norilsk,69.3535,88.2027,297.83,35,22,0.82,RU,1691299290
97,molochnoye,59.2917,39.6787,294.12,69,59,1.39,RU,1691299291
98,bikenibeu village,1.3673,173.1241,305.13,70,20,2.06,KI,1691299291
99,hawaiian paradise park,19.5933,-154.9731,296.88,93,100,2.57,US,1691299291
100,tamanrasset,22.785,5.5228,302.1,24,49,3.09,DZ,1691299291
101,sechura,-5.5569,-80.8222,294.13,78,6,5.6,PE,1691299292
102,yermakovskoye,53.2831,92.4003,291.77,78,100,1.36,RU,1691299292
103,hanceville,34.0607,-86.7675,296.16,74,99,2.06,US,1691299292
104,uige,-7.6087,15.0613,287.48,69,1,1.01,AO,1691299292
105,macheng,31.1783,115.0319,308.37,58,100,2.39,CN,1691299292
106,qingyuan,23.7,113.0333,307.14,53,28,2.57,CN,1691299293
107,salinas,36.6777,-121.6555,291.49,90,0,4.63,US,1691299289
108,new norfolk,-42.7826,147.0587,287.43,68,97,1.38,AU,1691299293
109,codrington,-38.2667,141.9667,286.25,63,100,2.6,AU,1691299293
110,hammerfest,70.6634,23.6821,285.4,76,100,0.0,NO,1691299293
111,daru,-9.0763,143.2092,298.89,69,50,7.0,PG,1691299294
112,zhezqazghan,47.7833,67.7667,303.36,30,42,4.36,KZ,1691299294
113,trairi,-3.2778,-39.2689,298.28,86,53,5.12,BR,1691299294
114,taiohae,-3.2778,-39.2689,298.28,86,53,5.12,BR,1691299294
115,maxixe,-23.8597,35.3472,290.55,76,0,2.48,MZ,1691299295
116,wenchang,30.904,118.4887,307.18,64,97,2.48,CN,1691299088
117,copiapo,-27.3667,-70.3333,285.98,83,8,0.22,CL,1691299168
118,cargados carajos,-27.3667,-70.3333,285.98,83,8,0.22,CL,1691299168
119,argo,37.6333,22.7333,301.36,62,0,2.9,GR,1691299295
120,lihue,21.9789,-159.3672,299.92,73,40,6.17,US,1691299034
121,tiksi,71.6872,128.8694,277.03,67,81,2.52,RU,1691299296
122,fannuj,71.6872,128.8694,277.03,67,81,2.52,RU,1691299296
123,sivrihisar,39.4504,31.5341,300.17,24,0,1.51,TR,1691299296
124,ascencion de guarayos,39.4504,31.5341,300.17,24,0,1.51,TR,1691299296
125,ancud,-41.8697,-73.8203,278.55,88,99,1.72,CL,1691299296
126,skelleftea,64.7507,20.9528,286.35,88,21,1.03,SE,1691299297
127,usinsk,65.9939,57.5281,294.32,81,100,3.0,RU,1691299297
128,la ronge,55.1001,-105.2842,289.29,82,75,1.03,CA,1691299297
129,luderitz,-26.6481,15.1594,287.11,69,4,3.63,NA,1691299297
130,berezovyy,51.6667,135.7,299.16,26,0,3.36,RU,1691299298
131,san patricio,28.017,-97.5169,302.5,82,74,5.89,US,1691299298
132,stanytsya luhans'ka,28.017,-97.5169,302.5,82,74,5.89,US,1691299298
133,zheleznogorsk-ilimskiy,56.5768,104.1217,294.78,40,39,1.75,RU,1691299298
134,scarborough,54.2797,-0.4044,285.32,91,100,0.45,GB,1691299172
135,aktau,43.65,51.2,307.47,35,0,3.66,KZ,1691299298
136,fort mcmurray,56.7268,-111.381,291.92,68,0,2.57,CA,1691299299
137,la passe,45.5549,-0.8967,289.25,82,5,3.61,FR,1691299299
138,margate,51.3813,1.3862,285.86,87,99,6.26,GB,1691299299
139,byumba,-1.5763,30.0675,286.26,61,60,1.66,RW,1691299299
140,elliot,-31.3333,27.85,280.38,28,1,3.44,ZA,1691299300
141,port alfred,-33.5906,26.891,291.58,59,82,1.34,ZA,1691299300
142,nykarleby,63.5228,22.5307,289.27,81,36,2.4,FI,1691299300
143,sisimiut,66.9395,-53.6735,279.34,83,9,1.39,GL,1691299300
144,kavaratti,10.5669,72.642,301.25,74,63,8.72,IN,1691299158
145,tchintabaraden,15.8969,5.7985,298.52,66,99,6.8,NE,1691299301
146,hengchun,22.0042,120.7439,301.51,86,100,11.81,TW,1691299114
147,lazaro cardenas,17.9583,-102.2,299.97,84,96,2.02,MX,1691299301
148,iqaluit,63.7506,-68.5145,280.0,87,20,1.03,CA,1691299301
149,yellowknife,62.456,-114.3525,287.44,82,75,1.03,CA,1691299112
150,hermanus,-34.4187,19.2345,281.37,83,27,2.81,ZA,1691299302
151,selfoss,63.9331,-20.9971,283.73,94,100,1.28,IS,1691299302
152,mount gambier,-37.8333,140.7667,286.31,59,100,2.02,AU,1691299121
153,nova olimpia,-14.7972,-57.2881,296.74,41,0,1.36,BR,1691299302
154,aykhal,66.0,111.5,291.73,38,11,7.76,RU,1691299302
155,macapa,0.0389,-51.0664,301.14,94,40,4.12,BR,1691299149
156,rocky mountain house,52.3668,-114.9188,287.21,88,7,1.54,CA,1691299303
157,puerto cabezas,14.0351,-83.3888,299.47,89,17,3.65,NI,1691299293
158,callao,-12.0667,-77.15,293.31,73,100,4.63,PE,1691299005
159,carnarvon,-24.8667,113.6333,297.97,54,2,2.35,AU,1691299303
160,cabo san lucas,22.8909,-109.9124,302.38,72,99,6.08,MX,1691299086
161,tobruk,32.0836,23.9764,300.0,77,0,4.08,LY,1691299304
162,watertown,42.3709,-71.1828,293.65,76,100,3.13,US,1691299289
163,polyarnyy,69.1989,33.4478,284.04,94,100,4.94,RU,1691299304
164,ad dawadimi,24.5077,44.3924,304.79,11,0,0.52,SA,1691299304
165,ribeira grande,38.5167,-28.7,295.8,76,100,0.89,PT,1691299304
166,hayma',38.5167,-28.7,295.8,76,100,0.89,PT,1691299304
167,kulia village,38.5167,-28.7,295.8,76,100,0.89,PT,1691299304
168,port lincoln,-34.7333,135.8667,285.87,62,70,3.68,AU,1691299305
169,gadzhiyevo,69.2551,33.3362,283.92,94,100,4.84,RU,1691299305
170,colonia,50.9333,6.95,289.03,90,100,2.57,DE,1691299305
171,al muwayh,22.4333,41.7583,304.58,15,5,5.78,SA,1691299306
172,tsiombe,-25.3,45.4833,292.43,64,0,5.54,MG,1691299306
173,uturoa,-16.7333,-151.4333,299.1,69,1,3.78,PF,1691299306
174,geraldton,-28.7667,114.6,297.38,60,75,0.0,AU,1691299306
175,nicoya,10.1483,-85.452,297.97,84,27,2.0,CR,1691299306
176,kataragama,10.1483,-85.452,297.97,84,27,2.0,CR,1691299306
177,santa ana,33.7456,-117.8678,298.85,84,20,3.09,US,1691299307
178,longyearbyen,78.2186,15.6401,283.06,93,75,7.2,SJ,1691299307
179,tolanaro,-25.0319,46.9987,293.19,77,40,7.2,MG,1691299307
180,flin flon,54.7682,-101.865,289.17,68,53,2.9,CA,1691299307
181,arraial do cabo,-22.9661,-42.0278,293.62,92,1,6.24,BR,1691299308
182,nova sintra,14.8667,-24.7167,296.3,78,36,2.04,CV,1691299308
183,nar'yan-mar,67.6713,53.087,294.32,67,84,4.33,RU,1691299308
184,zvenigovo,55.9742,48.0181,296.68,59,6,3.3,RU,1691299308
185,acarau,-2.8856,-40.12,298.41,87,72,7.42,BR,1691299308
186,kurumul,-2.8856,-40.12,298.41,87,72,7.42,BR,1691299308
187,dalandzadgad,43.5708,104.425,304.78,11,8,8.8,MN,1691299309
188,korla,41.7597,86.1469,307.93,16,72,7.55,CN,1691299309
189,rio grande,-32.035,-52.0986,288.68,97,11,5.55,BR,1691299309
190,ararat,39.8317,44.7049,301.34,42,4,0.95,AM,1691299310
191,nkurenkuru,39.8317,44.7049,301.34,42,4,0.95,AM,1691299310
192,bida,9.0833,6.0167,295.74,98,94,2.11,NG,1691299310
193,fedorovka,53.6314,62.7078,297.91,58,81,3.68,KZ,1691299311
194,cambria,35.5641,-121.0808,300.17,60,7,3.3,US,1691299311
195,fuvahmulah,35.5641,-121.0808,300.17,60,7,3.3,US,1691299311
196,renqiu,38.6989,116.0936,302.57,61,26,1.38,CN,1691299312
197,lebu,-37.6167,-73.65,282.87,91,94,2.72,CL,1691299065
198,kailua-kona,19.6406,-155.9956,301.13,76,75,2.57,US,1691299312
199,reggane,26.7158,0.1714,308.89,17,0,6.67,DZ,1691299312
200,copala,16.65,-98.9833,299.59,83,100,1.69,MX,1691299313
201,allapalli,19.4167,80.0667,302.78,70,57,4.55,IN,1691299313
202,antonio enes,-16.2325,39.9086,296.41,77,46,4.8,MZ,1691299313
203,berdigestyakh,62.0989,126.6992,301.38,28,88,0.37,RU,1691299313
204,cidreira,-30.1811,-50.2056,290.61,95,34,6.92,BR,1691299313
205,jamestown,42.097,-79.2353,289.95,96,0,2.57,US,1691299250
206,pampierstad,-27.7832,24.6877,279.11,41,1,4.19,ZA,1691299314
207,happy valley-goose bay,53.3168,-60.3315,289.32,77,100,0.0,CA,1691299314
208,vila franca do campo,37.7167,-25.4333,294.38,81,74,2.04,PT,1691299314
209,trapani,37.8333,12.6667,296.2,78,20,6.17,IT,1691299043
210,saldanha,-33.0117,17.9442,280.18,89,67,1.74,ZA,1691299315
211,cariati,39.4922,16.9594,295.78,59,0,1.61,IT,1691299315
212,guangyuan,32.442,105.823,305.86,61,69,1.41,CN,1691299315
213,tabriz,38.08,46.2919,298.85,29,0,5.14,IR,1691299315
214,saipan,15.1355,145.701,304.54,100,0,4.12,MP,1691299315
215,ko samui,9.5357,99.9357,306.1,55,20,5.14,TH,1691299316
216,mount isa,-20.7333,139.5,300.02,24,0,4.63,AU,1691299316
217,lompoc,34.6391,-120.4579,297.47,95,100,0.45,US,1691299316
218,tranovaho,34.6391,-120.4579,297.47,95,100,0.45,US,1691299316
219,kyabe,9.4515,18.9449,295.4,95,100,1.39,TD,1691299317
220,ola,59.5833,151.2833,297.12,53,8,1.33,RU,1691299317
221,kabwe,-14.4469,28.4464,285.37,81,0,3.23,ZM,1691299317
222,port blair,11.6667,92.75,303.17,74,40,6.17,IN,1691299317
223,ulsteinvik,62.3432,5.8487,287.21,82,99,2.24,NO,1691299317
224,cananeia,-25.0147,-47.9267,290.07,94,5,1.19,BR,1691299318
225,yanqul,23.5905,56.5501,309.2,30,33,0.45,OM,1691299318
226,mili,6.0815,171.735,301.81,75,50,5.5,MH,1691299318
227,yatou,37.15,122.3833,300.51,62,90,7.06,CN,1691299318
228,batu pahat,1.8548,102.9325,303.63,62,6,3.35,MY,1691299318
229,namibe,-15.1961,12.1522,291.26,73,0,0.66,AO,1691299319
230,sarandi del yi,-33.35,-55.6333,287.81,94,100,4.81,UY,1691299319
231,tura,25.5198,90.2201,298.01,98,100,0.97,IN,1691299319
232,i-n-salah,27.1935,2.4607,306.08,28,0,7.56,DZ,1691299319
233,margaret river,-33.95,115.0667,288.51,60,84,1.99,AU,1691299320
234,tralee,52.2704,-9.7026,285.48,92,72,3.29,IE,1691299320
235,holualoa,19.6228,-155.9522,299.06,75,75,2.57,US,1691299320
236,banaz,38.7371,29.7519,297.92,50,0,0.93,TR,1691299320
237,nouadhibou,20.931,-17.0347,294.14,83,32,8.23,MR,1691299320
238,verkhovazh'ye,60.7472,42.0465,294.01,63,36,1.63,RU,1691299321
239,tabou,4.423,-7.3528,297.36,85,100,4.33,CI,1691299321
240,talnakh,69.4865,88.3972,297.71,34,33,0.58,RU,1691299321
241,badger,64.8,-147.5333,300.1,49,0,1.54,US,1691299321
242,hudson,40.7168,-74.0663,298.36,63,0,3.58,US,1691299321
243,paita,-5.0892,-81.1144,293.99,81,10,5.94,PE,1691299322
244,yuzhno-kurilsk,44.0306,145.8556,287.04,96,100,3.69,RU,1691299322
245,celestun,20.8667,-90.4,300.25,81,17,5.12,MX,1691299322
246,christchurch,-43.5333,172.6333,282.56,82,20,4.12,NZ,1691299274
247,horta,38.5333,-28.6333,295.38,76,100,0.89,PT,1691299322
248,kirkland lake,48.1446,-80.0377,280.31,100,0,0.0,CA,1691299026
249,almeirim,-1.5233,-52.5817,297.43,78,22,1.72,BR,1691299323
250,bermeo,43.4209,-2.7215,291.62,79,99,3.5,ES,1691299323
251,romulus,42.2223,-83.3966,294.72,78,20,3.6,US,1691299323
252,yuanlin,30.4151,112.8859,307.92,62,94,3.19,CN,1691299324
253,porangatu,-13.4408,-49.1486,296.74,36,0,0.59,BR,1691299324
254,hilo,19.7297,-155.09,297.0,86,100,2.57,US,1691299324
255,tenenkou,14.4572,-4.9169,299.24,74,100,4.5,ML,1691299277
256,mount pearl,47.5166,-52.7813,288.13,87,75,3.09,CA,1691299324
257,rio claro,-22.4114,-47.5614,288.19,51,0,0.68,BR,1691299325
258,aioun,16.6614,-9.6149,305.99,41,97,5.28,MR,1691299325
259,weno,7.4515,151.8468,299.86,85,100,11.73,FM,1691299325
260,xinyuan,37.3,99.0,288.74,55,34,3.08,CN,1691299325
261,bel ombre,-4.6167,55.4167,300.06,74,40,7.72,SC,1691299325
262,tatarsk,55.219,75.9828,297.52,41,5,5.48,RU,1691299326
263,kill devil hills,36.0307,-75.676,297.03,96,0,0.0,US,1691299326
264,nuku'alofa,-21.1333,-175.2,293.34,94,100,3.6,TO,1691299326
265,pasni,25.2631,63.471,300.79,79,93,6.16,PK,1691299326
266,vingt cinq,25.2631,63.471,300.79,79,93,6.16,PK,1691299326
267,port mathurin,-19.6833,63.4167,295.6,64,56,12.48,MU,1691299327
268,emmer-compascuum,52.8117,7.0472,287.51,91,74,2.61,NL,1691299327
269,okeho,8.0333,3.35,294.11,96,100,2.46,NG,1691299327
270,guaraniacu,-25.1008,-52.8781,285.93,75,0,1.05,BR,1691299327
271,kone,-21.0595,164.8658,294.87,66,37,4.93,NC,1691299328
272,kourou,5.1552,-52.6478,299.18,93,34,3.72,GF,1691299328
273,sweetwater,25.7634,-80.3731,302.16,88,0,0.0,US,1691299328
274,iskateley,67.6803,53.1512,294.3,67,87,4.3,RU,1691299328
275,isafjordur,66.0755,-23.124,282.75,79,93,2.33,IS,1691299329
276,zeya,53.75,127.2667,301.51,24,1,2.05,RU,1691299329
277,ust-nera,64.5667,143.2,286.39,75,99,4.44,RU,1691299329
278,mavoor,11.2667,75.9167,300.45,78,75,2.57,IN,1691299329
279,kafue,-15.7691,28.1814,285.23,87,0,2.62,ZM,1691299329
280,fonte boa,-2.4959,-66.2662,296.64,85,29,1.28,BR,1691299330
281,vinh,18.6667,105.6667,299.3,81,100,3.1,VN,1691299067
282,atar,20.5169,-13.0499,302.91,19,13,3.69,MR,1691299330
283,uliastay,47.7417,96.8444,294.97,37,60,3.78,MN,1691299277
284,coquimbo,-29.9533,-71.3436,287.0,94,100,0.51,CL,1691299070
285,garanhuns,-8.8903,-36.4928,290.58,92,100,2.95,BR,1691299331
286,zhuanghe,39.7008,122.9911,298.73,65,11,4.74,CN,1691299331
287,kristiansund,63.1115,7.732,285.51,76,100,4.63,NO,1691299331
288,carboneras,37.0015,-1.9213,296.66,62,0,2.58,ES,1691299331
289,murray bridge,-35.1167,139.2667,286.67,53,93,2.86,AU,1691299331
290,tangalle,6.024,80.7911,303.53,64,64,7.72,LK,1691299332
291,freetown,8.484,-13.2299,296.99,94,75,5.14,SL,1691299332
292,srikakulam,18.3,83.9,305.81,60,66,4.06,IN,1691299332
293,san juan,-31.5375,-68.5364,287.85,41,0,0.64,AR,1691299215
294,gardnerville ranchos,38.8882,-119.7413,297.09,37,0,4.12,US,1691299332
295,guangming,45.3333,122.7833,295.88,58,100,6.4,CN,1691299201
296,castillos,-34.1667,-53.8333,285.86,78,89,3.13,UY,1691299333
297,alto araguaia,-17.3147,-53.2153,291.96,36,0,1.88,BR,1691299333
298,haradok,55.4624,29.9816,297.21,77,0,3.85,BY,1691299333
299,camacupa,-12.0167,17.4833,282.84,49,0,2.26,AO,1691299334
300,kosti,13.1629,32.6635,297.48,68,100,3.38,SD,1691299334
301,puerto san carlos,13.1629,32.6635,297.48,68,100,3.38,SD,1691299334
302,katsuura,35.1333,140.3,300.89,82,8,6.03,JP,1691299334
303,amga,60.8953,131.9608,301.19,29,39,2.38,RU,1691299335
304,nelson,-41.2833,173.2833,285.53,82,40,1.25,NZ,1691299335
305,boli,45.7667,130.5167,295.92,53,67,4.79,CN,1691299335
306,lakatoro,-16.0999,167.4164,297.93,75,69,5.76,VU,1691299335
307,zapolyarnyy,69.4154,30.8136,285.75,78,100,1.16,RU,1691299335
308,baykal'sk,51.5058,104.1469,289.45,82,100,1.58,RU,1691299336
309,howrah,22.5892,88.3103,301.15,94,100,3.09,IN,1691299312
310,buxton,53.2574,-1.9098,283.39,96,47,0.89,GB,1691299336
311,hami,42.8,93.45,309.27,11,10,1.15,CN,1691299336
312,sitka,57.0531,-135.33,292.09,77,100,3.6,US,1691299337
313,kapit,2.0167,112.9333,305.46,61,61,1.0,MY,1691299337
314,mahina,-17.5065,-149.489,299.02,69,75,1.54,PF,1691299337
315,dodge city,37.7528,-100.0171,297.18,80,20,5.14,US,1691299337
316,remire-montjoly,4.9167,-52.2667,299.17,89,0,1.03,GF,1691299337
317,baoshan,46.5586,131.4244,294.34,63,5,6.1,CN,1691299338
318,dalhart,36.0595,-102.5133,297.16,60,0,6.69,US,1691299338
319,tucuma,-0.1833,-50.05,297.98,90,4,2.61,BR,1691299338
320,bakhmach,51.1808,32.7569,297.9,54,0,5.47,UA,1691299338
321,thunder bay,48.4001,-89.3168,287.14,88,40,1.03,CA,1691299039
322,constantia,44.1833,28.65,298.54,83,0,3.72,RO,1691299194
323,ariquemes,-9.9133,-63.0408,297.36,47,3,0.94,BR,1691299339
324,ryotsu-minato,38.0833,138.4333,304.42,65,29,3.65,JP,1691299339
325,totskoye,52.5248,52.7623,301.31,49,38,4.82,RU,1691299339
326,kaa-khem,51.6833,94.7333,294.23,65,94,1.87,RU,1691299339
327,jaru,-10.4389,-62.4664,297.32,46,2,1.1,BR,1691299340
328,shakiso,5.75,38.9167,287.84,92,100,1.72,ET,1691299340
329,ocos,14.5094,-92.1933,299.25,79,83,1.91,GT,1691299340
330,maragogi,-9.0122,-35.2225,296.15,88,43,3.71,BR,1691299340
331,gorontalo,0.5412,123.0595,304.59,57,96,4.74,ID,1691299341
332,inekar,0.5412,123.0595,304.59,57,96,4.74,ID,1691299341
333,udachny,66.4167,112.4,292.29,45,3,6.48,RU,1691299341
334,saint-flour,45.0833,3.0,280.86,79,82,3.15,FR,1691299341
335,thompson,55.7435,-97.8558,289.24,94,75,3.09,CA,1691299341
336,opuwo,-18.0607,13.84,286.08,36,0,3.7,NA,1691299281
337,valparaiso,-33.0393,-71.6273,288.15,68,100,1.54,CL,1691299342
338,qaqortoq,60.7167,-46.0333,278.72,92,3,1.11,GL,1691299342
339,paide,58.8856,25.5572,290.66,86,99,3.29,EE,1691299342
340,rongelap,11.1635,166.8941,301.51,69,45,6.94,MH,1691299342
341,itoman,26.1247,127.6694,299.16,100,75,19.03,JP,1691299343
342,tshabong,-26.05,22.45,281.28,41,1,5.48,BW,1691299343
343,barra velha,-26.6322,-48.6847,291.75,92,100,0.69,BR,1691299343
344,ulanhot,46.0833,122.0833,296.09,58,100,6.21,CN,1691299343
345,al jawf,29.5,38.75,300.4,32,0,4.52,SA,1691299344
346,flying fish cove,-10.4217,105.6791,298.97,83,100,7.2,CX,1691299344
347,sangkhla buri,15.1555,98.4536,300.64,82,96,2.38,TH,1691299344
348,aldama,22.9167,-98.0667,301.2,92,60,0.4,MX,1691299344
349,furstenberg,53.1833,13.15,287.82,95,100,1.64,DE,1691299344
350,aginskoye,51.1,114.53,288.98,87,100,3.91,RU,1691299345
351,naolinco de victoria,19.65,-96.85,289.04,93,100,1.88,MX,1691299345
352,tindouf,27.6711,-8.1474,296.4,60,0,6.69,DZ,1691299345
353,'ohonua,27.6711,-8.1474,296.4,60,0,6.69,DZ,1691299345
354,dampit,-8.2116,112.7493,301.74,57,35,3.05,ID,1691299345
355,tayshet,55.9342,98.0044,293.35,45,35,1.31,RU,1691299334
356,igarka,67.4667,86.5833,295.89,37,0,3.26,RU,1691299346
357,manuel ojinaga,67.4667,86.5833,295.89,37,0,3.26,RU,1691299346
358,afaahiti,-17.75,-149.2833,298.08,75,38,0.58,PF,1691299346
359,khovd,48.0056,91.6419,298.46,23,2,0.97,MN,1691299346
360,bestobe,52.4994,73.0975,298.71,54,100,3.15,KZ,1691299347
361,novodvinsk,64.4165,40.8122,291.24,85,51,2.98,RU,1691299347
362,andergrove,-21.0833,149.1833,297.4,62,0,7.1,AU,1691299347
363,kiunga,-6.1219,141.2906,301.11,65,83,1.79,PG,1691299347
364,westerland,54.9079,8.3033,288.16,94,100,2.57,DE,1691299348
365,illizi,26.4833,8.4667,306.04,12,0,1.78,DZ,1691299348
366,mersa matruh,31.3525,27.2453,299.26,73,0,0.0,EG,1691299348
367,candon,17.1947,120.4517,303.72,71,98,6.16,PH,1691299348
368,newport,51.5877,-2.9984,286.38,88,5,4.0,GB,1691299348
369,sinop,41.7711,34.8709,294.39,48,0,2.68,TR,1691299349
370,ta`u,-14.2336,-169.5144,300.32,81,49,4.06,AS,1691299349
371,palmer,42.1584,-72.3287,292.54,83,0,1.54,US,1691299349
372,dudinka,69.4058,86.1778,297.94,39,11,2.16,RU,1691299349
373,san antonio de pale,-1.4014,5.6325,296.37,78,55,4.22,GQ,1691299097
374,sungai penuh,-2.0833,101.3833,300.86,49,3,1.37,ID,1691299350
375,callaway,30.153,-85.5699,298.11,94,75,1.54,US,1691299350
376,dokkum,53.3222,5.997,287.59,94,100,1.54,NL,1691299350
377,maisi,43.0395,41.2621,301.66,46,0,0.38,GE,1691299350
378,yashikira,9.7667,3.4,295.21,94,100,2.71,NG,1691299335
379,kegeyli shahar,42.7767,59.6078,303.2,22,15,4.89,UZ,1691299351
380,nadym,65.5333,72.5167,299.27,37,5,2.68,RU,1691299351
381,esmeraldas,-19.7625,-44.3139,290.63,64,14,2.01,BR,1691299073
382,kharan,28.5833,65.4167,309.2,26,11,4.94,PK,1691299351
383,muntilan,-7.5811,110.2928,301.88,55,41,2.87,ID,1691299352
384,johi,26.6921,67.6133,310.07,43,94,4.31,PK,1691299352
385,tarawa,1.419,172.984,305.2,70,20,2.06,KI,1691299352
386,kodoli,16.8833,74.2,298.93,76,94,6.9,IN,1691299352
387,north bay,46.3168,-79.4663,289.32,73,0,1.03,CA,1691299352
388,curup,-3.4667,102.5333,303.07,46,1,0.7,ID,1691299353
389,marudi,-3.4667,102.5333,303.07,46,1,0.7,ID,1691299353
390,strathmore,51.0501,-113.3852,291.82,67,50,1.54,CA,1691299353
391,sefwi wiawso,51.0501,-113.3852,291.82,67,50,1.54,CA,1691299353
392,porto novo,6.4965,2.6036,298.05,92,96,3.52,BJ,1691299354
393,djenne,13.9061,-4.5533,299.57,68,99,3.5,ML,1691299354
394,westport,41.1415,-73.3579,296.58,75,0,2.06,US,1691299169
395,sawakin,19.1059,37.3321,306.09,50,98,8.53,SD,1691299354
396,sur,22.5667,59.5289,305.3,55,59,3.21,OM,1691299354
397,kalmunai,7.4167,81.8167,305.81,52,97,2.24,LK,1691299355
398,ambodivoara,7.4167,81.8167,305.81,52,97,2.24,LK,1691299355
399,nelson bay,-32.7167,152.15,290.93,69,100,4.47,AU,1691299355
400,illapel,-31.6308,-71.1653,286.28,88,92,1.53,CL,1691299067
401,peace river,56.2501,-117.286,288.32,88,20,0.0,CA,1691299355
402,quellon,-43.1167,-73.6167,275.29,93,0,0.51,CL,1691299356
403,cheney,47.4874,-117.5758,296.16,50,100,3.6,US,1691299356
404,serhiyivka,46.0272,30.3768,299.48,69,0,5.01,UA,1691299356
405,jidd hafs,26.2186,50.5478,309.85,74,20,3.09,BH,1691299356
406,haiku-pauwela,20.9219,-156.3051,298.16,75,40,8.23,US,1691299356
407,espargos,20.9219,-156.3051,298.16,75,40,8.23,US,1691299356
408,yaren,-0.5472,166.916,302.22,71,25,2.87,NR,1691299357
409,alofi,-19.0595,-169.9187,296.09,94,88,3.6,NU,1691299357
410,bengkulu,-3.8004,102.2655,301.79,71,1,3.15,ID,1691299357
411,neiafu,-18.65,-173.9833,295.53,100,100,3.09,TO,1691299357
412,shendi,16.6915,33.4341,300.69,59,100,4.5,SD,1691299358
413,kruisfontein,-34.0033,24.7314,285.31,92,61,4.01,ZA,1691299358
414,laibin,23.7,109.2667,304.7,67,85,5.62,CN,1691299358
415,pariaman,-0.619,100.12,304.18,70,45,2.82,ID,1691299358
416,wau,7.7029,27.9953,294.85,95,99,0.17,SS,1691299359
417,thames,-37.1333,175.5333,284.77,84,78,1.54,NZ,1691299359
418,nemuro,43.3236,145.575,287.64,95,100,5.05,JP,1691299359
419,nortelandia,-14.4547,-56.8028,296.39,44,0,1.6,BR,1691299359
420,luganville,-15.5333,167.1667,297.09,84,93,4.31,VU,1691299359
421,zhanibek,49.4167,46.85,306.33,28,0,3.55,KZ,1691299360
422,puerto boyaca,5.9758,-74.5885,297.89,78,89,0.6,CO,1691299360
423,waddan,29.1614,16.139,297.33,69,0,4.8,LY,1691299360
424,oliveira dos brejinhos,-12.3169,-42.8961,291.81,59,4,2.33,BR,1691299360
425,santa cruz do capibaribe,-7.9575,-36.2047,294.11,78,77,3.5,BR,1691299360
426,santa cruz cabralia,-16.2781,-39.0247,291.28,94,20,1.54,BR,1691299361
427,burnie,-41.0667,145.9167,287.29,65,87,3.58,AU,1691299361
428,gaillac,43.9016,1.8969,289.68,94,62,3.9,FR,1691299361
429,acipayam,37.4239,29.3494,298.26,46,0,1.67,TR,1691299361
430,santana,-0.0583,-51.1817,301.25,94,40,4.12,BR,1691299267
431,kamaishi,39.2667,141.8833,302.34,74,31,6.7,JP,1691299362
432,tomatlan,19.9333,-105.25,297.68,95,100,1.43,MX,1691299362
433,kazalinsk,19.9333,-105.25,297.68,95,100,1.43,MX,1691299362
434,shimoda,34.6667,138.95,302.35,81,34,4.24,JP,1691299362
435,nuuk,64.1835,-51.7216,280.49,93,3,4.12,GL,1691299206
436,olyokminsk,60.3736,120.4264,304.09,29,59,2.35,RU,1691299363
437,waingapu,-9.6567,120.2641,301.92,58,1,7.31,ID,1691299363
438,bandon,51.7469,-8.7425,285.92,93,50,1.91,IE,1691299363
439,port augusta,-32.5,137.7667,289.99,38,49,3.59,AU,1691299363
440,mercedes,-34.6515,-59.4307,287.47,83,26,2.51,AR,1691299364
441,okhotsk,59.3833,143.3,291.5,57,10,3.95,RU,1691299364
442,laojunmiao,39.8333,97.7333,300.37,19,3,4.3,CN,1691299364
443,boende,-0.2167,20.8667,294.9,87,43,0.24,CD,1691299364
444,gulf shores,30.246,-87.7008,301.48,79,0,0.45,US,1691299082
445,khilok,51.3674,110.4676,294.08,68,100,0.23,RU,1691299365
446,burang,30.25,81.1667,289.24,58,92,2.24,CN,1691299365
447,dunedin,-45.8742,170.5036,282.48,72,97,1.65,NZ,1691299365
448,laayoune plage,-45.8742,170.5036,282.48,72,97,1.65,NZ,1691299365
449,kirakira,-10.4544,161.9205,298.6,85,100,1.43,SB,1691299365
450,kuraymah,18.55,31.85,299.45,64,100,9.67,SD,1691299366
451,chonchi,-42.6128,-73.8092,279.33,96,68,1.07,CL,1691299366
452,yarmouth,41.7057,-70.2286,294.8,94,20,1.79,US,1691299366
453,prestea,5.4327,-2.1428,296.2,95,99,1.8,GH,1691299366
454,coyhaique,-45.5752,-72.0662,272.43,97,20,3.01,CL,1691299366
455,bonthe,7.5264,-12.505,297.73,91,100,3.86,SL,1691299367
456,garbahaarrey,3.3289,42.2209,297.54,65,100,10.32,SO,1691299367
457,sosnovo-ozerskoye,52.5249,111.5418,291.98,72,99,1.15,RU,1691299367
458,altay,47.8667,88.1167,301.28,29,11,5.47,CN,1691299367
459,nova olinda do norte,-3.8881,-59.0942,298.0,53,23,0.53,BR,1691299367
460,glace bay,46.1969,-59.957,290.36,95,100,5.14,CA,1691299368
461,san andros,46.1969,-59.957,290.36,95,100,5.14,CA,1691299368
462,cooma,-36.2333,149.1333,286.91,37,40,1.16,AU,1691299368
463,dyurtyuli,55.4911,54.8688,296.64,67,82,4.75,RU,1691299368
464,yambio,4.5721,28.3955,293.54,93,100,0.57,SS,1691299369
465,petropavlovsk-kamchatsky,53.0452,158.6483,293.48,64,75,3.0,RU,1691299180
466,dunblane,56.1884,-3.9642,285.05,96,100,0.26,GB,1691299369
467,forster,-32.1667,152.5167,288.62,76,99,5.82,AU,1691299369
468,mammoth lakes,37.6485,-118.9721,287.55,33,0,4.12,US,1691299369
469,monze,-16.2833,27.4833,285.06,75,0,3.08,ZM,1691299370
470,saint-joseph,-21.3667,55.6167,295.36,72,40,6.83,RE,1691299370
471,bamyan,34.75,67.25,289.06,19,0,3.92,AF,1691299370
472,kabare,-2.4683,28.8242,289.87,74,35,1.55,CD,1691299370
473,inhambane,-23.865,35.3833,291.09,75,0,2.77,MZ,1691299370
474,manzhouli,49.6,117.4333,295.7,45,100,5.45,CN,1691299371
475,jinchang,38.4953,102.1739,302.14,28,98,6.17,CN,1691299371
476,usogorsk,63.4106,48.6872,293.08,74,37,3.12,RU,1691299371
477,betio village,1.358,172.9211,305.17,73,93,4.03,KI,1691299371
478,nabire,-3.3667,135.4833,303.75,57,71,2.95,ID,1691299371
479,ceeldheer,3.8488,47.1806,298.81,72,86,9.36,SO,1691299372
480,puerto ayacucho,5.6639,-67.6236,297.12,92,98,1.28,VE,1691299372
481,fisterra,42.9049,-9.2629,289.68,77,2,9.08,ES,1691299372
482,chibougamau,49.9168,-74.3659,288.94,72,100,3.09,CA,1691299372
483,laguna,38.421,-121.4238,303.4,51,0,2.57,US,1691299372
484,nan,18.8333,100.6667,298.16,89,75,3.6,TH,1691299152
485,ketchikan,55.3422,-131.6461,292.41,72,0,2.06,US,1691299102
486,cockburn town,21.4612,-71.1419,301.95,83,0,10.75,TC,1691299185
487,toliara,-23.35,43.6667,294.68,52,2,4.22,MG,1691299373
488,kupang,-10.1667,123.5833,302.76,49,0,6.04,ID,1691299373
489,robertsport,6.7533,-11.3686,298.75,81,100,5.9,LR,1691299374
490,walvis bay,-22.9575,14.5053,284.31,100,1,2.06,NA,1691299374
491,kittila,67.6647,24.8936,286.82,88,0,2.57,FI,1691299374
492,barcelos,41.5388,-8.6151,294.64,85,1,2.31,PT,1691299374
493,lahti,59.9911,30.1597,292.25,87,100,2.59,RU,1691299374
494,aliwal north,-30.6937,26.7114,279.02,33,1,1.5,ZA,1691299375
495,fortuna,40.5982,-124.1573,290.33,95,100,3.6,US,1691299375
496,totness,5.8833,-56.3167,299.53,85,37,4.01,SR,1691299375
497,hirara,24.8,125.2833,302.3,89,75,6.17,JP,1691299375
498,tarakan,3.3,117.6333,304.87,66,20,2.57,ID,1691299375
499,loango,-4.6719,11.8312,291.96,100,75,0.0,CG,1691299376
500,zaozersk,69.4005,32.4476,284.14,89,100,1.65,RU,1691299376
501,vila do maio,15.1333,-23.2167,299.59,74,93,2.65,CV,1691299376
502,guarapari,-20.6667,-40.4975,292.53,88,0,3.18,BR,1691299376
503,kapuskasing,49.4169,-82.4331,287.2,94,0,1.54,CA,1691299376
504,pajan,-1.5667,-80.4167,295.35,92,18,1.8,EC,1691299377
505,suseni,46.6667,25.55,292.09,75,0,1.68,RO,1691299377
506,mejit,10.2753,170.8646,301.42,77,73,6.54,MH,1691299377
507,midland,31.9974,-102.0779,306.52,24,0,7.2,US,1691299206
508,egilsstadir,65.2653,-14.3948,280.1,87,40,1.54,IS,1691299377
509,mojacar,37.1214,-1.8552,296.35,63,0,2.02,ES,1691299378
510,phulbani,20.4667,84.2333,301.7,71,100,5.84,IN,1691299378
511,shaoguan,24.8,113.5833,308.31,53,35,1.98,CN,1691299378
512,tarinkot,32.6268,65.8733,305.41,11,0,2.0,AF,1691299378
513,marsh harbour,26.5412,-77.0636,302.52,75,53,5.6,BS,1691299378
514,pitimbu,-7.4706,-34.8086,295.48,86,20,4.76,BR,1691299379
515,raduzhny,62.0961,77.475,297.62,40,3,3.68,RU,1691299379
516,chai nat,15.1167,100.1,308.18,83,99,5.44,TH,1691299379
517,kingston,17.997,-76.7936,302.68,86,20,2.57,JM,1691299334
518,tselinnoye,53.0833,85.6667,295.56,41,24,3.38,RU,1691299380
519,anloga,5.7947,0.8973,297.47,90,100,6.34,GH,1691299380
520,jonuta,18.0833,-92.1333,298.8,84,44,1.77,MX,1691299380
521,saint-pierre,-21.3393,55.4781,295.97,68,0,9.77,RE,1691299380
522,deyang,31.1302,104.382,304.13,68,83,0.88,CN,1691299380
523,palikir - national government center,6.9248,158.1611,300.62,100,100,4.12,FM,1691299381
524,kutulik,53.3508,102.7839,295.66,56,85,1.37,RU,1691299381
525,puerto leguizamo,-0.1934,-74.7819,295.06,96,99,0.52,CO,1691299381
526,masterton,-40.9597,175.6575,282.53,86,68,1.52,NZ,1691299381
527,ostersund,63.1792,14.6357,286.27,94,100,1.34,SE,1691299382
528,kyzyl-mazhalyk,51.1333,90.6,291.04,76,100,1.41,RU,1691299382
529,o rosal,41.9354,-8.8368,289.68,93,1,4.52,ES,1691299382
530,felidhoo,41.9354,-8.8368,289.68,93,1,4.52,ES,1691299382
531,ad dilam,23.9915,47.1627,306.38,9,0,4.79,SA,1691299382
532,fort bragg,35.139,-79.006,299.06,83,0,2.57,US,1691299383
533,tlahualilo de zaragoza,26.1167,-103.45,303.77,26,5,7.42,MX,1691299383
534,siocon,7.7061,122.1353,304.03,64,8,3.28,PH,1691299383
535,aripuana,-9.1667,-60.6333,296.56,51,0,0.48,BR,1691299383
536,big spring,32.2504,-101.4787,306.54,26,0,4.63,US,1691299384
537,cannonvale,-20.2833,148.7,293.81,64,1,8.96,AU,1691299384
538,phon,15.816,102.5998,307.62,61,100,7.15,TH,1691299384
539,panama city beach,30.1766,-85.8055,298.2,97,0,1.54,US,1691299307
540,lai,9.3952,16.2989,295.49,96,100,1.49,TD,1691299384
541,ghat,24.9647,10.1728,304.42,12,0,3.19,LY,1691299385
542,itaituba,-4.2761,-55.9836,298.17,52,54,0.72,BR,1691299385
543,san nicolas,18.1725,120.5953,304.1,79,75,7.72,PH,1691299385
544,queenstown,-31.8976,26.8753,282.44,32,28,2.76,ZA,1691299385
545,settat,33.0007,-7.6204,292.05,48,0,0.76,MA,1691299385
546,constitucion,-35.3333,-72.4167,285.45,80,97,2.77,CL,1691299386
547,maloye ganyushkino,46.6,49.2667,308.2,24,0,3.25,KZ,1691299222
548,am djarass,46.6,49.2667,308.2,24,0,3.25,KZ,1691299222
549,severo-yeniseyskiy,60.3725,93.0408,283.82,96,100,0.98,RU,1691299386
550,sikasso,10.9167,-7.0,296.45,94,100,1.94,ML,1691299386
551,crane,31.3974,-102.3501,304.4,29,24,8.29,US,1691299387
552,melfort,52.8667,-104.6177,287.22,77,55,3.09,CA,1691299387
553,svetlyy,54.675,20.1347,293.13,98,100,5.45,RU,1691299387
554,nejo,9.5,35.5,288.31,91,100,0.93,ET,1691299387
555,tocopilla,-22.092,-70.1979,289.66,76,41,2.14,CL,1691299388
556,gewane,10.1664,40.6453,300.84,51,97,7.08,ET,1691299388
557,weihai,37.5017,122.1136,298.01,66,43,7.4,CN,1691299388
558,la'ie,21.6477,-157.9253,300.13,74,1,0.89,US,1691299388
559,sam roi yot,12.2708,99.872,308.7,46,100,6.17,TH,1691299388
560,puerto santa,-8.9906,-78.6456,292.68,82,92,5.27,PE,1691299389
561,kirovsk,48.6375,38.6428,300.23,47,1,5.58,UA,1691299389
562,shalqar,47.8333,59.6,300.94,44,2,7.99,KZ,1691299389
563,st. paul,44.9444,-93.0933,297.44,73,0,3.6,US,1691299389
564,darien,41.752,-87.974,294.6,89,100,6.69,US,1691299389
565,brisas de zicatela,15.8369,-97.0419,300.44,65,0,3.6,MX,1691299390
566,viru,-8.4167,-78.75,292.92,80,61,3.02,PE,1691299390
567,saint-remy,46.7633,4.8393,287.56,92,86,5.53,FR,1691299390
568,whakatane,-37.9585,176.9854,285.31,87,42,1.1,NZ,1691299390
569,seven pagodas,12.6264,80.1722,306.51,53,73,4.03,IN,1691299391
570,tutoia,-2.7619,-42.2744,298.47,88,96,4.76,BR,1691299391
571,baihe,22.15,107.2333,301.29,83,99,2.19,CN,1691299391
572,fukuecho,32.6881,128.8419,307.35,59,20,3.09,JP,1691299391
573,carbonear,47.7332,-53.2148,288.85,88,100,2.86,CA,1691299391
574,port-vila,-17.7338,168.3219,296.93,78,75,4.12,VU,1691299392
575,huarmey,-10.0681,-78.1522,292.33,82,89,4.15,PE,1691299392
576,genhe,50.7833,121.5167,299.91,27,100,1.08,CN,1691299392
577,hotan,37.0997,79.9269,303.68,27,100,4.27,CN,1691299392
578,altamont,42.2068,-121.7372,294.06,43,0,5.66,US,1691299392
579,manta,-0.95,-80.7333,298.71,78,60,7.6,EC,1691299393
580,marshall,34.3834,-86.3333,297.32,94,0,1.54,US,1691299393
581,port hedland,-20.3167,118.5667,302.18,37,22,7.2,AU,1691299393
582,bontang,0.1333,117.5,302.31,69,62,3.2,ID,1691299393
583,makokou,0.5738,12.8642,294.11,88,59,2.1,GA,1691299394
584,arawa,-6.2132,155.5367,302.01,57,89,1.77,PG,1691299394
585,pagar alam,-4.0167,103.2667,302.32,43,1,2.23,ID,1691299394
586,n'zeto,-7.2312,12.8666,294.38,94,97,2.39,AO,1691299394
587,anjala,60.6833,26.8333,290.83,84,100,1.87,FI,1691299394
588,hailey,43.5196,-114.3153,291.97,66,0,0.45,US,1691299165
589,cataguases,-21.3892,-42.6967,290.73,92,0,0.95,BR,1691299395
590,paharpur,32.1038,70.9724,311.8,34,0,2.68,PK,1691299395
591,loreto,22.2667,-101.9667,290.43,80,62,4.03,MX,1691299395
